<configuration_item name="Rule Node" id="9164975892879236275" type="atom_nc_object" parent_id="9164964965693303513" version="1.1">
    <nc_object name="Rule Node" id="9164975892879236275" _type="Rule Node" _parent_name="Warn when “Remove” 900 Block &amp; Toll Block because of additional fee" parent_id="9164964965693303513">
        <object_type _type_name="Rule Node" id="9133263881613134727"/>
        <object_class _type_name="Product Catalog" id="2050878077013769311"/>
        <project _obj_name="Offering Catalog" id="9128632109113273015"/>
        <param _attr_name="Modified By" attr_id="63" attr_access_type="0" priority="1">
            <value value="internal" show_order="1"/>
        </param>
        <param _attr_name="Modified When" attr_id="64" attr_access_type="0" priority="1">
            <date_value date_value="2022-10-27 00:11:22.0" show_order="1"/>
        </param>
        <param _attr_name="Revision" attr_id="9158719859813724518" attr_access_type="0" priority="0">
            <value value="null" show_order="1"/>
        </param>
        <param _attr_name="Cloud PIM Primary Key ID" attr_id="9159601534313522448" attr_access_type="0" priority="0">
            <value value="9164975892879236275" show_order="1"/>
        </param>
    </nc_object>
</configuration_item>
