<configuration_item name="TQ Voice plans (9159722947713609854) are new/current" id="9164975892802236272" type="atom_nc_object" parent_id="9164964965693303513" version="1.1">
    <nc_object name="TQ Voice plans (9159722947713609854) are new/current" id="9164975892802236272" _type="Rule Node Offering Category" _parent_name="Warn when “Remove” 900 Block &amp; Toll Block because of additional fee" parent_id="9164964965693303513">
        <object_type _type_name="Rule Node Offering Category" id="9136553241313658800"/>
        <object_class _type_name="Product Catalog" id="2050878077013769311"/>
        <project _obj_name="Offering Catalog" id="9128632109113273015"/>
        <param _attr_name="Modified By" attr_id="63" attr_access_type="0" priority="1">
            <value value="internal" show_order="1"/>
        </param>
        <param _attr_name="Modified When" attr_id="64" attr_access_type="0" priority="1">
            <date_value date_value="2022-10-27 00:11:22.0" show_order="1"/>
        </param>
        <param _attr_name="Min Qty" attr_id="7031045326013159509" attr_access_type="0" priority="1">
            <value value="1" show_order="1"/>
        </param>
        <param _attr_name="Criteria" attr_id="7031049291013159524" attr_access_type="0" priority="0">
            <list_value _list_value="Selected" list_value_id="7031049291013159527" show_order="1"/>
        </param>
        <param _attr_name="Search Scope" attr_id="9132974604013984828" attr_access_type="0" priority="1">
            <list_value _list_value="Location" list_value_id="9132974604013984831" show_order="1"/>
        </param>
        <param _attr_name="Revision" attr_id="9158719859813724518" attr_access_type="0" priority="0">
            <value value="null" show_order="1"/>
        </param>
        <param _attr_name="Cloud PIM Primary Key ID" attr_id="9159601534313522448" attr_access_type="0" priority="0">
            <value value="9164975892802236272" show_order="1"/>
        </param>
        <param _attr_name="Offering Category" attr_id="9136553241313658848" attr_access_type="0" priority="1">
            <reference _obj_name="TQ Voice Plans" reference="9159722947713609854" show_order="6"/>
        </param>
        <param _attr_name="Set of Criteria" attr_id="9137333611513324296" attr_access_type="0" priority="1">
            <reference _obj_name="New" reference="9137333460713324114" show_order="9"/>
            <reference _obj_name="Current" reference="9137333611513324264" show_order="10"/>
        </param>
    </nc_object>
</configuration_item>
