<configuration_item name="900 Block (9136923654113578850) is deleted/selected" id="9164975892819236273" type="atom_nc_object" parent_id="9164975892879236275" version="1.1">
    <nc_object name="900 Block (9136923654113578850) is deleted/selected" id="9164975892819236273" _type="Rule Node Offering" _parent_name="Rule Node" parent_id="9164975892879236275">
        <object_type _type_name="Rule Node Offering" id="9132969770013984053"/>
        <object_class _type_name="Product Catalog" id="2050878077013769311"/>
        <project _obj_name="Offering Catalog" id="9128632109113273015"/>
        <param _attr_name="Modified By" attr_id="63" attr_access_type="0" priority="1">
            <value value="internal" show_order="1"/>
        </param>
        <param _attr_name="Modified When" attr_id="64" attr_access_type="0" priority="1">
            <date_value date_value="2022-10-27 00:11:22.0" show_order="1"/>
        </param>
        <param _attr_name="Criteria(old)" attr_id="9132970281113984272" attr_access_type="0" priority="1">
            <list_value _list_value="Selected" list_value_id="9132970281113984279" show_order="1"/>
        </param>
        <param _attr_name="Search Scope" attr_id="9132974604013984828" attr_access_type="0" priority="1">
            <list_value _list_value="Location" list_value_id="9132974604013984831" show_order="1"/>
        </param>
        <param _attr_name="Min Qty" attr_id="9133644182113110305" attr_access_type="0" priority="1">
            <value value="0" show_order="1"/>
        </param>
        <param _attr_name="Max Qty" attr_id="9133644722113110860" attr_access_type="0" priority="1">
            <value value="999" show_order="1"/>
        </param>
        <param _attr_name="Revision" attr_id="9158719859813724518" attr_access_type="0" priority="0">
            <value value="null" show_order="1"/>
        </param>
        <param _attr_name="Cloud PIM Primary Key ID" attr_id="9159601534313522448" attr_access_type="0" priority="0">
            <value value="9164975892819236273" show_order="1"/>
        </param>
        <param _attr_name="Offering" attr_id="9132974604013984824" attr_access_type="0" priority="1">
            <reference _obj_name="900 Block" reference="9136923654113578850" show_order="15"/>
        </param>
        <param _attr_name="Set of Criteria" attr_id="9137333611513324296" attr_access_type="0" priority="1">
            <reference _obj_name="Deleted" reference="9149046461713143501" show_order="22"/>
        </param>
    </nc_object>
</configuration_item>
