<configuration_item name="CR V2 900 Block &amp; Toll Block removal rule" id="9164980121813264012" type="change_request_object" parent_id="9146586162313643063" version="1.1">
    <nc_object name="CR V2 900 Block &amp; Toll Block removal rule" id="9164980121813264012" _type="Change Request" _parent_name="Offering Catalog Management" parent_id="9146586162313643063" order_number="5764">
        <object_type _type_name="Change Request" id="9137167165313293943"/>
        <object_class _type_name="Change Request" id="9137167165313293943"/>
        <project _obj_name="Solution Configuration Management Project" id="9128913200013967604"/>
        <param _attr_name="Created By" attr_id="61" attr_access_type="0" priority="1">
            <value value="sysadm" show_order="1"/>
        </param>
        <param _attr_name="Created When" attr_id="62" attr_access_type="0" priority="1">
            <date_value date_value="2022-10-27 15:53:56.0" show_order="1"/>
        </param>
        <param _attr_name="Modified By" attr_id="63" attr_access_type="0" priority="1">
            <value value="sysadm" show_order="1"/>
        </param>
        <param _attr_name="Modified When" attr_id="64" attr_access_type="0" priority="1">
            <date_value date_value="2022-10-27 16:05:13.0" show_order="1"/>
        </param>
        <param _attr_name="Status" attr_id="9137574413613306455" attr_access_type="0" priority="1">
            <list_value _list_value="Developed" list_value_id="9137574413613306460" show_order="1"/>
        </param>
        <param _attr_name="DB Tracking" attr_id="9137589417613307957" attr_access_type="0" priority="0">
            <list_value _list_value="No" list_value_id="9131586290013217398" show_order="1"/>
        </param>
        <param _attr_name="Detailed" attr_id="9137589417613307972" attr_access_type="0" priority="0">
            <list_value _list_value="No" list_value_id="9131586290013217398" show_order="1"/>
        </param>
        <param _attr_name="Default" attr_id="9137623854913314422" attr_access_type="0" priority="0">
            <list_value _list_value="No" list_value_id="9131586290013217398" show_order="1"/>
        </param>
        <param _attr_name="Priority" attr_id="9137693929913468931" attr_access_type="0" priority="1">
            <list_value _list_value="Normal" list_value_id="9137693929913468937" show_order="1"/>
        </param>
        <param _attr_name="Export Type" attr_id="9140052410313166073" attr_access_type="0" priority="0">
            <list_value _list_value="Actual" list_value_id="9140035823113145537" show_order="1"/>
        </param>
        <database_modifications>
            <modification modif_id="104226" activity_id="9164980121813264012" ci_name="TQ Voice plans (9159722947713609854) are new/current" ci_table_name="NC_OBJECTS" operation="CM   " ts="2022-10-27 16:03:08.852664" hidden="0" last_export_ts="2022-10-27 16:05:19.670652" hier_parent="0">9164975892802236272</modification>
            <modification modif_id="104227" activity_id="9164980121813264012" ci_name="900 Block (9136923654113578850) is deleted/selected" ci_table_name="NC_OBJECTS" operation="CM   " ts="2022-10-27 16:03:08.852664" hidden="0" last_export_ts="2022-10-27 16:05:19.670652" hier_parent="0">9164975892819236273</modification>
            <modification modif_id="104228" activity_id="9164980121813264012" ci_name="Call Guardian - Toll Block (9136923654113578856) is deleted/selected" ci_table_name="NC_OBJECTS" operation="CM   " ts="2022-10-27 16:03:08.852664" hidden="0" last_export_ts="2022-10-27 16:05:19.670652" hier_parent="0">9164975892840236274</modification>
            <modification modif_id="104229" activity_id="9164980121813264012" ci_name="Rule Node" ci_table_name="NC_OBJECTS" operation="CM   " ts="2022-10-27 16:03:08.852664" hidden="0" last_export_ts="2022-10-27 16:05:19.670652" hier_parent="0">9164975892879236275</modification>
        </database_modifications>
    </nc_object>
</configuration_item>
