<configuration_item name="Category to Set" id="9164687568702359190" type="atom_nc_object" parent_id="9164680065920653860" version="1.1">
    <nc_object name="Category to Set" id="9164687568702359190" _type="Reference Rule Parameter" _parent_name="[6E] Set delivery mode of 6E equipment to software when HSIA is Software" parent_id="9164680065920653860">
        <object_type _type_name="Reference Rule Parameter" id="9146755276313217645"/>
        <object_class _type_name="Product Catalog" id="2050878077013769311"/>
        <project _obj_name="Offering Catalog" id="9128632109113273015"/>
        <param _attr_name="Modified By" attr_id="63" attr_access_type="0" priority="1">
            <value value="internal" show_order="1"/>
        </param>
        <param _attr_name="Modified When" attr_id="64" attr_access_type="0" priority="1">
            <date_value date_value="2022-09-23 15:18:32.0" show_order="1"/>
        </param>
        <param _attr_name="Revision" attr_id="9158719859813724518" attr_access_type="0" priority="0">
            <value value="null" show_order="1"/>
        </param>
        <param _attr_name="Cloud PIM Primary Key ID" attr_id="9159601534313522448" attr_access_type="0" priority="0">
            <value value="9164687568702359190" show_order="1"/>
        </param>
        <param _attr_name="Value" attr_id="9146755329513217743" attr_access_type="0" priority="1">
            <reference _obj_name="Wi-Fi 6E Extender SWAP" reference="9163908790017886607" show_order="4"/>
        </param>
    </nc_object>
</configuration_item>
