<configuration_item name="HSIA is existing" id="9164687568733359196" type="atom_nc_object" parent_id="9164687568742359195" version="1.1">
    <nc_object name="HSIA is existing" id="9164687568733359196" _type="Text Characteristic Condition" _parent_name="HSIA is existing" parent_id="9164687568742359195">
        <object_type _type_name="Text Characteristic Condition" id="9132984354013987742"/>
        <object_class _type_name="Product Catalog" id="2050878077013769311"/>
        <project _obj_name="Offering Catalog" id="9128632109113273015"/>
        <param _attr_name="Modified By" attr_id="63" attr_access_type="0" priority="1">
            <value value="internal" show_order="1"/>
        </param>
        <param _attr_name="Modified When" attr_id="64" attr_access_type="0" priority="1">
            <date_value date_value="2022-09-23 15:18:32.0" show_order="1"/>
        </param>
        <param _attr_name="Operator" attr_id="9132975427813986222" attr_access_type="0" priority="1">
            <list_value _list_value="Equal" list_value_id="9132208363413897097" show_order="1"/>
        </param>
        <param _attr_name="Revision" attr_id="9158719859813724518" attr_access_type="0" priority="0">
            <value value="null" show_order="1"/>
        </param>
        <param _attr_name="Cloud PIM Primary Key ID" attr_id="9159601534313522448" attr_access_type="0" priority="0">
            <value value="9164687568733359196" show_order="1"/>
        </param>
        <param _attr_name="Characteristic Involvement" attr_id="9132975427813986201" attr_access_type="0" priority="1">
            <reference _obj_name="Delivery Method" reference="9163414766728693790" show_order="1"/>
        </param>
        <param _attr_name="Text Characteristic Value" attr_id="9132975427813986236" attr_access_type="0" priority="0">
            <reference _obj_name="Software" reference="9157950816213373078" show_order="11"/>
        </param>
    </nc_object>
</configuration_item>
