<configuration_item name="[6E] Set delivery mode of 6E equipment to software when HSIA is Software" id="9164680065920653860" type="atom_nc_object" parent_id="9128632109113273016" version="1.1">
    <nc_object name="[6E] Set delivery mode of 6E equipment to software when HSIA is Software" id="9164680065920653860" _type="Order Structure Rule" _parent_name="Top Product" parent_id="9128632109113273016">
        <object_type _type_name="Order Structure Rule" id="9132994463413988985"/>
        <object_class _type_name="Rule" id="7021849090013445318"/>
        <project _obj_name="Offering Catalog" id="9128632109113273015"/>
        <param _attr_name="Modified By" attr_id="63" attr_access_type="0" priority="1">
            <value value="internal" show_order="1"/>
        </param>
        <param _attr_name="Modified When" attr_id="64" attr_access_type="0" priority="1">
            <date_value date_value="2022-09-23 15:18:32.0" show_order="1"/>
        </param>
        <param _attr_name="Message" attr_id="7030253282013155496" attr_access_type="0" priority="1">
            <value value="N/A" show_order="1"/>
        </param>
        <param _attr_name="Is Active" attr_id="7030253282013155504" attr_access_type="0" priority="1">
            <list_value _list_value="Yes" list_value_id="5032957201013871249" show_order="1"/>
        </param>
        <param _attr_name="Rule Action" attr_id="7031957243013173646" attr_access_type="0" priority="0">
            <list_value _list_value="Ignore" list_value_id="7031957243013173648" show_order="1"/>
        </param>
        <param _attr_name="Notification Type" attr_id="7052049202013515928" attr_access_type="0" priority="1">
            <list_value _list_value="Info" list_value_id="7052338500013698683" show_order="1"/>
        </param>
        <param _attr_name="Search Scope" attr_id="9132974604013984828" attr_access_type="0" priority="1">
            <list_value _list_value="Location" list_value_id="9132974604013984831" show_order="1"/>
        </param>
        <param _attr_name="Custom Action" attr_id="9136260080013350769" attr_access_type="0" priority="0">
            <value value="com.netcracker.ncportal.generic.rules.SetCharacteristicValueRule" show_order="1"/>
        </param>
        <param _attr_name="Execute On" attr_id="9142089405413057582" attr_access_type="0" priority="1">
            <list_value _list_value="FE" list_value_id="9142089405413057588" show_order="1"/>
        </param>
        <param _attr_name="Execution scope" attr_id="9143696634113152265" attr_access_type="0" priority="1">
            <value value="last_customize" show_order="8"/>
        </param>
        <param _attr_name="Priority" attr_id="9146703500013141570" attr_access_type="0" priority="0">
            <value value="4" show_order="1"/>
        </param>
        <param _attr_name="Revision" attr_id="9158719859813724518" attr_access_type="0" priority="0">
            <value value="null" show_order="1"/>
        </param>
        <param _attr_name="Cloud PIM Primary Key ID" attr_id="9159601534313522448" attr_access_type="0" priority="0">
            <value value="9164680065920653860" show_order="1"/>
        </param>
    </nc_object>
</configuration_item>
