<configuration_item name="TV Credit - 6 months 100% off Alteration Price Component" id="9165096461776048903" type="atom_nc_object" parent_id="9150139887213950491" version="1.1">
    <nc_object name="TV Credit - 6 months 100% off Alteration Price Component" id="9165096461776048903" _type="Alteration Price Component" _parent_name="Retention 2.0: 100% Off TV Credit - 6 months" parent_id="9150139887213950491">
        <object_type _type_name="Alteration Price Component" id="9133384153713200106"/>
        <object_class _type_name="Product Catalog" id="2050878077013769311"/>
        <project _obj_name="Offering Catalog" id="9128632109113273015"/>
        <param _attr_name="Modified By" attr_id="63" attr_access_type="0" priority="1">
            <value value="internal" show_order="1"/>
        </param>
        <param _attr_name="Modified When" attr_id="64" attr_access_type="0" priority="1">
            <date_value date_value="2022-11-09 23:07:44.0" show_order="1"/>
        </param>
        <param _attr_name="Source System" attr_id="8081349159013831211" attr_access_type="0" priority="0">
            <value value="P3MS" show_order="1"/>
        </param>
        <param _attr_name="Priority" attr_id="9134078936313024966" attr_access_type="0" priority="1">
            <value value="100000" show_order="1"/>
        </param>
        <param _attr_name="Revision" attr_id="9158719859813724518" attr_access_type="0" priority="0">
            <value value="null" show_order="1"/>
        </param>
        <param _attr_name="Cloud PIM Primary Key ID" attr_id="9159601534313522448" attr_access_type="0" priority="0">
            <value value="9165096461776048903" show_order="1"/>
        </param>
        <param _attr_name="Price Component Specification" attr_id="9132193091613893416" attr_access_type="0" priority="1">
            <reference _obj_name="Recurrent Charge by Day" reference="9132365069913927355" show_order="1"/>
        </param>
        <param _attr_name="Tax Code" attr_id="9142883780313111933" attr_access_type="0" priority="0">
            <reference _obj_name="9999" reference="9153786500813327277" show_order="1"/>
        </param>
    </nc_object>
</configuration_item>
