<configuration_item name="CR DORMANCY Alignment of Tax Included Credits" id="9165137990013204155" type="change_request_object" parent_id="9146586162313643063" version="1.1">
    <nc_object name="CR DORMANCY Alignment of Tax Included Credits" id="9165137990013204155" _type="Change Request" _parent_name="Offering Catalog Management" parent_id="9146586162313643063" order_number="5762">
        <object_type _type_name="Change Request" id="9137167165313293943"/>
        <object_class _type_name="Change Request" id="9137167165313293943"/>
        <project _obj_name="Solution Configuration Management Project" id="9128913200013967604"/>
        <param _attr_name="Created By" attr_id="61" attr_access_type="0" priority="1">
            <value value="sysadm" show_order="1"/>
        </param>
        <param _attr_name="Created When" attr_id="62" attr_access_type="0" priority="1">
            <date_value date_value="2022-11-14 22:37:05.0" show_order="1"/>
        </param>
        <param _attr_name="Modified By" attr_id="63" attr_access_type="0" priority="1">
            <value value="sysadm" show_order="1"/>
        </param>
        <param _attr_name="Modified When" attr_id="64" attr_access_type="0" priority="1">
            <date_value date_value="2022-11-14 22:40:14.0" show_order="1"/>
        </param>
        <param _attr_name="Status" attr_id="9137574413613306455" attr_access_type="0" priority="1">
            <list_value _list_value="Developed" list_value_id="9137574413613306460" show_order="1"/>
        </param>
        <param _attr_name="DB Tracking" attr_id="9137589417613307957" attr_access_type="0" priority="0">
            <list_value _list_value="No" list_value_id="9131586290013217398" show_order="1"/>
        </param>
        <param _attr_name="Detailed" attr_id="9137589417613307972" attr_access_type="0" priority="0">
            <list_value _list_value="No" list_value_id="9131586290013217398" show_order="1"/>
        </param>
        <param _attr_name="Default" attr_id="9137623854913314422" attr_access_type="0" priority="0">
            <list_value _list_value="No" list_value_id="9131586290013217398" show_order="1"/>
        </param>
        <param _attr_name="Priority" attr_id="9137693929913468931" attr_access_type="0" priority="1">
            <list_value _list_value="Normal" list_value_id="9137693929913468937" show_order="1"/>
        </param>
        <param _attr_name="Export Type" attr_id="9140052410313166073" attr_access_type="0" priority="0">
            <list_value _list_value="Actual" list_value_id="9140035823113145537" show_order="1"/>
        </param>
        <database_modifications>
            <modification modif_id="104273" activity_id="9165137990013204155" ci_name="Referral One Time $100 credit Price Component" ci_table_name="NC_OBJECTS" operation="CM   " ts="2022-11-14 22:39:29.152322" hidden="0" last_export_ts="2022-11-14 22:40:24.159155" hier_parent="0">9158380291113393796</modification>
            <modification modif_id="104274" activity_id="9165137990013204155" ci_name="generic price component" ci_table_name="NC_OBJECTS" operation="CM   " ts="2022-11-14 22:39:29.152322" hidden="0" last_export_ts="2022-11-14 22:40:24.159155" hier_parent="0">9159701381813227706</modification>
            <modification modif_id="104275" activity_id="9165137990013204155" ci_name="generic price component" ci_table_name="NC_OBJECTS" operation="CM   " ts="2022-11-14 22:39:29.152322" hidden="0" last_export_ts="2022-11-14 22:40:24.159155" hier_parent="0">9159703387413229199</modification>
            <modification modif_id="104276" activity_id="9165137990013204155" ci_name="Discount Activation Fee Component Absolute/Percentage Alteration" ci_table_name="NC_OBJECTS" operation="CM   " ts="2022-11-14 22:39:29.152322" hidden="0" last_export_ts="2022-11-14 22:40:24.159155" hier_parent="0">9160406943613922576</modification>
            <modification modif_id="104277" activity_id="9165137990013204155" ci_name="SHS200 Alteration Price Component-22439" ci_table_name="NC_OBJECTS" operation="CM   " ts="2022-11-14 22:39:29.152322" hidden="0" last_export_ts="2022-11-14 22:40:24.159155" hier_parent="0">9164261900398996117</modification>
            <modification modif_id="104278" activity_id="9165137990013204155" ci_name="TV Credit - 12 months 100% off Alteration Price Component" ci_table_name="NC_OBJECTS" operation="CM   " ts="2022-11-14 22:39:29.152322" hidden="0" last_export_ts="2022-11-14 22:40:24.159155" hier_parent="0">9165096461771048909</modification>
            <modification modif_id="104279" activity_id="9165137990013204155" ci_name="TV Credit - 6 months 100% off Alteration Price Component" ci_table_name="NC_OBJECTS" operation="CM   " ts="2022-11-14 22:39:29.152322" hidden="0" last_export_ts="2022-11-14 22:40:24.159155" hier_parent="0">9165096461776048903</modification>
        </database_modifications>
    </nc_object>
</configuration_item>
