<configuration_item name="Discount Activation Fee Component Absolute/Percentage Alteration" id="9160406943613922576" type="atom_nc_object" parent_id="9160406943613922575" version="1.1">
    <nc_object name="Discount Activation Fee Component Absolute/Percentage Alteration" id="9160406943613922576" _type="Alteration Price Component" _parent_name="[EOM] TEST ONLY, NOT FOR CUSTOMER USE - Sep. MR update" parent_id="9160406943613922575" order_number="2">
        <object_type _type_name="Alteration Price Component" id="9133384153713200106"/>
        <object_class _type_name="Product Catalog" id="2050878077013769311"/>
        <project _obj_name="Offering Catalog" id="9128632109113273015"/>
        <param _attr_name="Created By" attr_id="61" attr_access_type="0" priority="1">
            <value value="x228322" show_order="1"/>
        </param>
        <param _attr_name="Created When" attr_id="62" attr_access_type="0" priority="1">
            <date_value date_value="2021-05-16 08:37:17.0" show_order="1"/>
        </param>
        <param _attr_name="Status" attr_id="9132718859613059064" attr_access_type="0" priority="0">
            <list_value _list_value="Planned" list_value_id="9132718859613059069" show_order="1"/>
        </param>
        <param _attr_name="Priority" attr_id="9134078936313024966" attr_access_type="0" priority="1">
            <value value="1000418" show_order="1"/>
        </param>
        <param _attr_name="Price Component Specification" attr_id="9132193091613893416" attr_access_type="0" priority="1">
            <reference _obj_name="Activation Fee" reference="9132252650013902486" show_order="1"/>
        </param>
        <param _attr_name="Tax Code" attr_id="9142883780313111933" attr_access_type="0" priority="0">
            <reference _obj_name="9999" reference="9153786500813327277" show_order="1"/>
        </param>
    </nc_object>
</configuration_item>
