<configuration_item name="SHS200 Alteration Price Component-22439" id="9164261900398996117" type="atom_nc_object" parent_id="9159401889813267197" version="1.1">
    <nc_object name="SHS200 Alteration Price Component-22439" id="9164261900398996117" _type="Alteration Price Component" _parent_name=" $200 off Home Security" parent_id="9159401889813267197">
        <object_type _type_name="Alteration Price Component" id="9133384153713200106"/>
        <object_class _type_name="Product Catalog" id="2050878077013769311"/>
        <project _obj_name="Offering Catalog" id="9128632109113273015"/>
        <param _attr_name="Modified By" attr_id="63" attr_access_type="0" priority="1">
            <value value="internal" show_order="1"/>
        </param>
        <param _attr_name="Modified When" attr_id="64" attr_access_type="0" priority="1">
            <date_value date_value="2022-08-05 08:54:06.0" show_order="1"/>
        </param>
        <param _attr_name="Source System" attr_id="8081349159013831211" attr_access_type="0" priority="0">
            <value value="P3MS" show_order="1"/>
        </param>
        <param _attr_name="Priority" attr_id="9134078936313024966" attr_access_type="0" priority="1">
            <value value="100000" show_order="1"/>
        </param>
        <param _attr_name="Revision" attr_id="9158719859813724518" attr_access_type="0" priority="0">
            <value value="351" show_order="1"/>
        </param>
        <param _attr_name="Cloud PIM Primary Key ID" attr_id="9159601534313522448" attr_access_type="0" priority="0">
            <value value="9164261900398996117" show_order="1"/>
        </param>
        <param _attr_name="Price Component Specification" attr_id="9132193091613893416" attr_access_type="0" priority="1">
            <reference _obj_name="Activation Fee" reference="9132252650013902486" show_order="1"/>
        </param>
        <param _attr_name="Tax Code" attr_id="9142883780313111933" attr_access_type="0" priority="0">
            <reference _obj_name="9999" reference="9153786500813327277" show_order="1"/>
        </param>
    </nc_object>
</configuration_item>
