<configuration_item name="Referral One Time $100 credit Price Component" id="9158380291113393796" type="atom_nc_object" parent_id="9158380291113393795" version="1.1">
    <nc_object name="Referral One Time $100 credit Price Component" id="9158380291113393796" _type="Alteration Price Component" _parent_name="Referral One Time Internet Credit - $100" parent_id="9158380291113393795" order_number="1">
        <object_type _type_name="Alteration Price Component" id="9133384153713200106"/>
        <object_class _type_name="Product Catalog" id="2050878077013769311"/>
        <project _obj_name="Offering Catalog" id="9128632109113273015"/>
        <param _attr_name="Created By" attr_id="61" attr_access_type="0" priority="1">
            <value value="x216265" show_order="1"/>
        </param>
        <param _attr_name="Created When" attr_id="62" attr_access_type="0" priority="1">
            <date_value date_value="2020-09-23 19:01:51.0" value="23-SEP-20" show_order="1"/>
        </param>
        <param _attr_name="Modified By" attr_id="63" attr_access_type="0" priority="1">
            <value value="x216265" show_order="1"/>
        </param>
        <param _attr_name="Modified When" attr_id="64" attr_access_type="0" priority="1">
            <date_value date_value="2020-09-25 23:34:57.0" show_order="1"/>
        </param>
        <param _attr_name="Status" attr_id="9132718859613059064" attr_access_type="0" priority="0">
            <list_value _list_value="Planned" list_value_id="9132718859613059069" show_order="1"/>
        </param>
        <param _attr_name="Priority" attr_id="9134078936313024966" attr_access_type="0" priority="1">
            <value value="1000490" show_order="1"/>
        </param>
        <param _attr_name="Price Component Specification" attr_id="9132193091613893416" attr_access_type="0" priority="1">
            <reference _obj_name="Activation Fee" reference="9132252650013902486" show_order="1"/>
        </param>
        <param _attr_name="Tax Code" attr_id="9142883780313111933" attr_access_type="0" priority="0">
            <reference _obj_name="9999" reference="9153786500813327277" show_order="1"/>
        </param>
    </nc_object>
</configuration_item>
