<configuration_item name="Warn when “Remove” 900 Block &amp; Toll Block because of additional fee" id="9164964965693303513" type="atom_nc_object" parent_id="9128632109113273016" version="1.1">
    <nc_object name="Warn when “Remove” 900 Block &amp; Toll Block because of additional fee" id="9164964965693303513" _type="Order Structure Rule" _parent_name="Top Product" parent_id="9128632109113273016">
        <object_type _type_name="Order Structure Rule" id="9132994463413988985"/>
        <object_class _type_name="Rule" id="7021849090013445318"/>
        <project _obj_name="Offering Catalog" id="9128632109113273015"/>
        <param _attr_name="Modified By" attr_id="63" attr_access_type="0" priority="1">
            <value value="sysadm" show_order="1"/>
        </param>
        <param _attr_name="Modified When" attr_id="64" attr_access_type="0" priority="1">
            <date_value date_value="2022-10-26 22:20:28.0" show_order="1"/>
        </param>
        <param _attr_name="Message" attr_id="7030253282013155496" attr_access_type="0" priority="1">
            <value value="Reminder: A $10 fee is applicable for removing the blocking feature" show_order="1"/>
        </param>
        <param _attr_name="Is Active" attr_id="7030253282013155504" attr_access_type="0" priority="1">
            <list_value _list_value="Yes" list_value_id="5032957201013871249" show_order="1"/>
        </param>
        <param _attr_name="Rule Action" attr_id="7031957243013173646" attr_access_type="0" priority="0">
            <list_value _list_value="Warning" list_value_id="7031957243013173649" show_order="1"/>
        </param>
        <param _attr_name="Notification Type" attr_id="7052049202013515928" attr_access_type="0" priority="1">
            <list_value _list_value="Warning" list_value_id="7052049202013515926" show_order="1"/>
        </param>
        <param _attr_name="Search Scope" attr_id="9132974604013984828" attr_access_type="0" priority="1">
            <list_value _list_value="Location" list_value_id="9132974604013984831" show_order="1"/>
        </param>
        <param _attr_name="Custom Action" attr_id="9136260080013350769" attr_access_type="0" priority="0">
            <value value="com.netcracker.ncportal.telus.rules.DisplayMessageWithCallBack" show_order="1"/>
        </param>
        <param _attr_name="Execute On" attr_id="9142089405413057582" attr_access_type="0" priority="1">
            <list_value _list_value="BE" list_value_id="9142089405413057590" show_order="1"/>
        </param>
        <param _attr_name="Execution scope" attr_id="9143696634113152265" attr_access_type="0" priority="1">
            <value value="customize_phone" show_order="13"/>
        </param>
        <param _attr_name="Priority" attr_id="9146703500013141570" attr_access_type="0" priority="0">
            <value value="10" show_order="1"/>
        </param>
        <param _attr_name="Revision" attr_id="9158719859813724518" attr_access_type="0" priority="0">
            <value value="null" show_order="1"/>
        </param>
        <param _attr_name="Cloud PIM Primary Key ID" attr_id="9159601534313522448" attr_access_type="0" priority="0">
            <value value="9164964965693303513" show_order="1"/>
        </param>
        <param _attr_name="Portal Content Items" attr_id="9143395096113811262" attr_access_type="0" priority="0">
            <reference _obj_name="ruleMessage" reference="9164966228350200812" show_order="1"/>
            <reference _obj_name="ruleButtonCancel" reference="9159836608313705868" show_order="2"/>
            <reference _obj_name="ruleButtonContinue" reference="9159836840013705907" show_order="3"/>
            <reference _obj_name="ruleButtonOk" reference="9158915600013344227" show_order="4"/>
        </param>
    </nc_object>
</configuration_item>
